Sevillana_PM10,Sevillana_Vel Viento,Sevillana_Dir Viento,Sevillana_Temp,Sevillana_PM2.5,CentroAltoRendimiento_PM10,CentroAltoRendimiento_Vel Viento,CentroAltoRendimiento_Dir Viento,CentroAltoRendimiento_Temp,CentroAltoRendimiento_Humedad,CentroAltoRendimiento_PM2.5,CiudadBolivar_PM10,CiudadBolivar_PM2.5,CiudadBolivar_Temp,Colina_PM10,Colina_PM2.5,Colina_Vel Viento,Colina_Dir Viento,Colina_Temp,Fontibon_PM10,Fontibon_Dir Viento,Fontibon_Temp,Fontibon_PM2.5,Fontibon_Humedad,Guaymaral_PM10,Guaymaral_Vel Viento,Guaymaral_Dir Viento,Guaymaral_Temp,Guaymaral_Humedad,Guaymaral_PM2.5,Jazmin_PM10,Jazmin_PM2.5,Jazmin_Vel Viento,Jazmin_Dir Viento,Jazmin_Temp,Jazmin_Humedad,Kennedy_PM10,Kennedy_PM2.5,Kennedy_Vel Viento,Kennedy_Dir Viento,Kennedy_Humedad,Movil7ma_PM10,Movil7ma_Vel Viento,Movil7ma_Dir Viento,Movil7ma_Temp,Movil7ma_Humedad,Movil7ma_PM2.5,MovilFontibon_PM10,MovilFontibon_PM2.5,PuenteAranda_PM10,PuenteAranda_Vel Viento,PuenteAranda_Dir Viento,PuenteAranda_Temp,PuenteAranda_PM2.5,PuenteAranda_Humedad,SanCristobal_PM10,SanCristobal_Vel Viento,SanCristobal_Dir Viento,SanCristobal_Temp,SanCristobal_Humedad,SanCristobal_PM2.5,Suba_PM10,Suba_Vel Viento,Suba_Dir Viento,Suba_Temp,Suba_PM2.5,Tunal_PM10,Tunal_Vel Viento,Tunal_Dir Viento,Tunal_Humedad,Tunal_PM2.5,Usaquen_PM10,Usaquen_Vel Viento,Usaquen_Dir Viento,Usaquen_Temp,Usaquen_PM2.5,Usme_PM10,Usme_PM2.5,Usme_Temp
39.85282227380688,18.38849040920536,34.54876910493262,23.623368973279774,20.442723027773372,45.755433427930384,44.16377800624298,19.031231342423776,42.3642656114926,33.85657839307545,21.372185949475888,18.137223901075515,22.692800613145828,20.27667450256174,16.581803805557975,34.41710970990545,27.47850297352724,10.808098831373973,41.184130758218515,41.74710193279499,37.821339505926225,35.236039936641596,33.80638950979507,33.466800504757,29.336856836494135,10.816582827783732,44.31376826554268,17.13492860783376,42.901467323665386,12.73062216163515,14.290164387679859,11.859983688451795,49.57165899874144,27.24081912856635,46.10289338534478,17.683878879924542,43.26395780992371,42.02405237380717,24.244798510531467,12.43709136504004,29.754209041143188,14.077111609879708,15.253582720025086,34.4626064490948,21.096920321359754,18.864016892927765,49.64236064850163,49.287940300026435,23.037713919091274,23.15627427997457,33.26353763127496,44.203623759685506,28.038620475626693,37.0339330587676,29.606767188542488,25.717144207727458,41.74994160106348,42.60945284337368,42.97722135001275,38.37834338507053,47.621767400164565,19.044086951537928,20.32652773980643,11.222061900950031,15.582960169849645,43.416035099218796,42.957671766979026,44.485120929056094,21.40715561391911,10.685796012543612,14.574351734814691,28.2151503697726,40.78042548455244,32.1831146802887,34.116590066882324,24.792219771673413,22.602892272121082,25.50228961161519,15.523354774170674
48.619245447142085,10.10919172563244,49.52573693443333,35.299178370909985,35.91857092407337,37.135586839036456,40.73433766679753,30.473005772154398,40.86453910019802,31.817069880030605,34.06228051057464,48.435842672504506,11.831102549050136,25.142801333552562,47.02499508296518,26.315651061530968,16.546269540886712,37.46566104235631,36.10200331611087,36.27315389482234,39.03188049648773,10.620657901488286,24.471834770633897,48.10536912798475,34.80402622979406,31.422995982789587,40.65837847939582,40.661825457964326,43.35842256611385,18.14070746608534,40.50656244313919,15.107161755644803,14.324953430401246,25.38434356793641,12.562317525045206,44.02228346292277,12.269858816445844,10.007626400618218,40.14197734751161,33.025451818983946,15.514436442779598,22.807193730067535,16.958494974385466,39.162414531883186,28.278966259338134,44.46357062177683,36.20660921977283,23.579865911156173,23.56510262015078,38.88423907123361,14.218840930253203,14.58456287947059,48.729743686105806,11.851841106253715,44.69638302927145,12.99123407631341,33.86375248701036,16.20026578638945,44.29900143276127,33.34111718239773,35.806916450376974,20.49491096942074,16.872976188341447,19.644467810975236,44.558533205048306,24.15143572475315,25.32516762153587,37.54064187566263,16.096404398994743,16.247892431859956,26.50921632397193,40.831477231665005,44.69262339253863,24.149061934119157,27.60629472264574,29.651573292545713,21.379747749059913,41.9163123560561,42.01975215114965
41.475299078483005,23.42873401469535,26.65090394500613,36.57973461929928,32.99033167034901,32.501282484355116,12.543588663164144,16.8367000396696,26.576296515871803,38.85130690421035,34.134379511474144,16.28004009724352,33.663473139806825,18.17761310253536,16.502641033788414,29.520570090104666,27.2372947844067,18.84870907925418,17.845473175190286,23.819576108513793,26.428700370116122,17.25154717117123,41.623450813933495,38.557359395125104,45.23317775050886,30.901883194574093,12.516679318952537,47.15820752577723,39.09412793066555,25.758157079378122,15.080152561713849,22.178741057454975,49.98073942772977,38.17919556606826,12.310570145570576,25.048014201533114,44.42344529548904,19.252454437748092,28.531992240011824,48.34970769669822,45.170569233989355,35.36336658576246,28.79677988175765,23.738303786946098,18.154534730846557,38.25810415166836,32.866672758804086,35.779179031868246,25.84477919480801,19.237461373176576,12.659169542822202,23.82980285098033,40.248697431153715,30.03671131775215,38.599811119074374,10.496493658388871,38.35562993018264,40.11103433667566,38.74698979931581,34.796494017501786,11.126156059419937,16.640075558333184,25.581072542550057,47.886957254505816,24.29898706657425,34.62468455241955,48.17599134924211,23.579946432688168,41.92405493681085,35.171018172415074,23.536993022006133,30.56358027843185,16.12121463840709,38.0021338501828,34.539434064851505,12.760158066607739,37.1622179665725,29.274481036378074,37.72795759824312
44.08086834146536,14.019083387337442,35.814371569595764,17.289446249571377,44.808765053416515,34.56663680734211,32.726234399535024,48.05192147113505,28.671376654861866,45.2539531274149,44.465929808497904,33.366086707743094,45.36008989924833,29.954886174447154,11.52817111922082,23.73745028117397,33.36153163832863,23.377979113817382,28.703962705610188,29.277344595689318,14.271293289287566,10.799349702787389,45.59131616681343,31.374844746014187,49.317570710117806,24.046065158591436,42.75302975789924,43.70577893871749,37.947675653427666,39.859158514714544,22.117168278499175,31.398043726138354,42.01822268431465,39.67359623930668,38.0495558468646,15.839919833111203,43.140433829169766,13.67907538442324,10.587238312051372,45.89265680014088,43.813820393598945,32.752307286311535,11.822606402076307,24.432493267742256,49.98431526131951,37.30768593725594,17.858783366474,23.089072817582213,46.24214043678028,19.64412442589793,38.13419826270994,19.38917616549314,41.87766622657608,39.431310083387864,42.51467295745754,44.84141269367863,26.755785117783564,20.568950337095124,11.688737528341067,38.392096961296346,20.7583379128983,49.19587757481742,24.548278806776075,34.476914582152794,46.895539134347246,17.89408709845951,39.231522332028014,20.25952741964357,18.66169563303306,44.10933061739478,35.714450670076104,39.697583310441864,33.69583182218817,45.87246370371944,19.40909295697605,25.153335890028117,29.40428253396672,43.91217228542089,34.0731514037797
34.961076375894606,38.56642443021554,22.380253990155104,17.241275954032574,32.69266620562593,22.447655800306183,16.307137229092973,10.803578811725295,19.234029684016477,46.01409474998865,32.64124331086535,34.276072033415694,39.99756184761657,25.197269490289408,39.62183772844133,49.814165180017405,24.33315330048833,39.94110458486127,35.68055251488754,41.449839876740434,13.40906742882391,22.352431779059142,37.084191443194015,44.74922920592195,42.41210718081399,30.178099194785574,14.825305162979138,39.75116096512217,10.561229208650659,48.72193630501431,25.335803214982494,33.88685712856568,23.769248293798913,27.848134719049998,43.62687364611234,31.124465445243374,15.83038961602879,45.497667221622095,12.924211952853298,38.58478039645727,31.35117728390555,27.95374250514461,11.15649758258538,27.83426965429413,44.90249803798316,35.51851924035488,20.039066738605257,47.352328023428875,22.817223528745142,49.844032794212644,18.375768170465236,14.893660752354304,17.20145492940153,23.860807709568586,48.03676504747483,37.765630639913624,31.20490652715342,49.40013406670686,47.09679286030752,22.84829563296554,36.38312034451026,44.85591603570787,29.903376523598308,49.673705711266855,43.51573048944316,25.371056492088112,20.49707721419779,10.70782323650787,14.42465729307397,14.837593353353569,25.822854369093747,16.26898012438067,33.26157383410181,43.470394603519715,37.980540305831155,32.1902204368654,25.244004763429693,12.46555514383489,49.182246279794136
40.00292948499942,46.783851463984774,17.30624734630091,10.82585171682759,38.84374897875462,17.348587100190088,22.077180826190684,48.96582158834233,49.075527978529685,13.99597532566716,35.027392348473676,19.499628602707908,16.551760990205146,45.00791388941757,36.73484612644106,48.520108172089,25.181599991969826,17.254991592716095,28.290138680977826,34.67188480057583,44.52693378365711,27.32807748673405,33.246984232110044,26.91796477765727,32.13177489774718,31.512419576998255,34.59285335307189,25.287206365554738,29.239409251176735,32.26143014051734,48.14042398364421,39.222338626294516,29.213291680963938,18.49710027505065,18.625583724834783,42.62432581390083,45.866401532091345,31.197427291341427,47.36168661090576,25.29882518345655,34.31647443917457,16.738895948558252,33.782247097565865,32.61412221929003,20.713832686652363,38.050903089723555,41.48995607453656,19.89338258397946,23.811753243301577,46.50104319093391,14.175386261863189,35.91936402492981,46.326680350687745,38.26107782987701,19.573073634177327,49.94667293980103,44.657196202796804,43.85136025522065,20.679031765366265,29.803109936321796,19.797146880196983,48.04093266564292,32.14839158678859,41.23607215168328,34.4775484945049,16.51197133648084,38.24926688773775,41.838896081180444,20.219539234010654,41.33994812812599,27.801317185180157,32.71180319045069,45.9233631092905,34.13537731892178,47.615464523586695,20.846131224146006,35.01583460826697,35.21487880634872,10.968529159562742
43.17911174659474,44.65387450151227,30.826685643042392,23.093228898265533,21.12299482008421,20.899778809290204,49.61310116602845,32.62213846847919,20.84954461660959,44.41326928018961,42.91796172130877,42.082871057892554,37.803856172774765,42.98017468177055,25.253165373517916,10.789028241978045,27.57306310513102,28.07256286309727,35.84524288087238,31.660530213004332,24.165571262200764,48.373205691011385,10.94069541380733,43.96334938202417,29.845172638600594,26.91482571479158,11.640120074577993,17.14482437465562,47.64697967996822,37.99115500195849,34.916058467925225,45.18544501271001,48.654597796107836,15.689790838415089,26.556470429232938,46.3204647641648,11.752930051244048,14.44035157256302,42.22067478218969,28.5060404072146,45.82528305852384,17.191651049241035,27.641881918676408,10.3085496526064,16.47343655980251,47.950383796166456,46.88406697618787,32.25266189409389,35.04210206379928,11.432688461295255,17.331891715162776,26.50001594236865,39.67578719714265,46.502879396081184,25.879882498039883,19.138499323495818,43.184796509916936,34.383826460604006,40.111147070127906,46.096276609982354,25.82090546194431,12.997617659867927,12.917491086046367,26.66145514090139,27.800384513731213,14.950185147421875,17.770043361186097,22.738692253211134,10.34136368132883,23.689490018202008,21.217956643424543,49.66469581794432,31.16574052555461,39.55436066557397,18.357927103444034,14.756777442190376,43.887466644734666,13.54950655815955,19.665193840334602
12.619042236723637,18.362810215868105,28.03044056325534,31.497733117485744,25.260460354880564,49.44095944194047,39.57936362515694,30.587170230534227,36.737371813615354,47.49810505839294,49.68451579299852,49.67281374539289,28.658178337659738,35.9899925681821,10.74902176347992,16.05617256623399,17.12247256972072,36.41818834350592,42.48159045389826,35.16571205939655,24.03113701658457,49.842568163744566,11.79103125266697,22.560670841503775,13.653469843104485,38.202515385885675,28.44048789243359,22.431052118774982,30.511295731832394,23.492227176976343,10.621489758952375,39.88837991820053,17.62923435122323,40.90453437210534,39.07852699422528,44.987820852581734,45.55262870339313,24.765701416518574,30.917283038572467,38.257690861192344,48.735027963468546,25.66670200651517,38.5997780301241,31.64469201960911,44.45884357431706,38.87193524193034,18.03316899408674,19.004961183945657,30.553307559619807,12.605526619137217,39.78923925202112,14.55648240408304,12.03190101838361,13.207689784647236,15.885647074875706,22.81438477057422,29.329996735635206,31.886293131005452,15.530871819035816,19.608993061151008,41.32352037583635,10.99690843685925,42.198496953374615,35.04153314327354,43.893051877508015,15.027446394700842,14.867149053015849,18.560498518972658,28.53658382499106,34.061492324628375,14.05970511521093,12.643207496945053,40.283118464563714,26.378247675227367,30.46372227579219,47.181866003033264,17.11169537602394,41.72327290973352,47.7018882125137
43.906168176617996,45.838473528967135,18.843032876727662,28.80379021753308,49.7595959738206,18.214451763930967,26.848448417151225,17.121867436748378,14.234607416870656,21.033968449567805,10.69078041718846,42.062456020533425,35.44051986633936,18.277823809618056,32.78927738554804,22.78272207196204,10.988884096834335,39.24013857752281,35.33679626814458,16.93127839478169,12.843366428062609,31.719469581041373,21.855040682793828,19.676053133763617,44.52960816748137,27.408983655870045,48.623506841124815,20.802834263906092,33.8610319066853,13.463708275068843,23.86999998208019,21.05856861430682,26.457728583928137,22.54782436635379,10.246267328868912,36.055021523504834,35.007373011607875,28.05989651212148,26.363145083676727,32.81307281473167,31.417761227462357,47.74166158058735,48.55630366110945,18.520398222474455,33.674306953305795,48.328257313975456,18.0541048932669,11.449694198411496,44.75035155792317,20.961192117822172,17.153147696202428,41.77016091616764,34.79264611767434,16.828850158233823,24.5184027143948,37.622381258615654,12.1230201185928,36.72493527335677,21.597864788246262,25.49664656142173,49.798978143354546,14.793854054867325,31.53269201639414,38.30476969221214,35.79398177038945,49.912570418349006,21.163425676872635,32.58171520490929,35.45183377685612,41.4370144461514,42.64424327088152,26.004911117958525,47.38339847481443,29.245142462714703,39.65392086152444,41.23732080132122,10.122476442771617,47.048782670139715,26.813723941635832
23.718974642045612,44.446688404876454,22.794791257948845,36.58885732438132,34.842441109993985,45.207601672567336,36.26156840563792,35.309587545054555,31.77762430323365,37.82118747223395,28.251486135113304,26.055242697044747,33.03022131342219,18.738436311677305,29.979844754492845,44.61173781729396,26.534064397200886,26.075978155349606,42.61583549185297,38.270714307550584,21.836966629698658,23.697529153580533,31.37345969312949,48.4620927607701,48.59089034419097,16.038998356038356,36.96482691433993,30.130367852309373,49.42521136273827,26.31329404371836,31.89245554435766,21.53455261659401,35.023046503895245,30.887302399711928,24.87348132616614,19.108895759969688,18.643767443247068,26.809249672220318,15.978394868763747,29.238486784068797,27.993887715786517,35.979980633391776,38.175877652280874,34.246643455849274,16.71342663464187,24.506169913030153,30.125732655157336,45.40459279922447,36.364574666661404,17.656625523003484,28.80030353302306,39.32307191949381,11.906367999410659,32.929953061556624,13.162373538731398,19.46278145653264,48.6321963861016,38.79597028076875,33.72427796901485,21.50076060453452,25.538882824846407,46.27442048249365,10.2646414040723,30.930042724509967,30.967556008158713,36.171654948135256,25.087793278244245,27.23097915053731,15.185097299572842,49.91358845011883,36.2311106011195,33.02799463490262,38.08186449222696,42.16801513643452,22.634211683012744,20.717924836640464,47.34025918311213,21.292528944768215,18.873439749710833
25.520819965548014,42.07566423445581,11.012492467138904,27.19542064131136,33.4323600386488,25.79271638118586,23.8086024491507,20.64319441826035,46.23503741209932,49.981130315654646,47.705434597085535,42.63547553380044,16.823910993571154,30.06691967667337,21.337627130033287,45.70407228094745,29.91569409992714,16.701074025131778,13.14106504335436,39.85545282144194,28.151816672802124,20.94281615532347,43.90667692192619,26.071240195107368,13.747168524125541,41.209380231903864,31.56698370798148,49.69580811680285,37.142731904569715,15.27459593391705,29.14418133794658,31.243825588888782,37.6164154335692,30.238513033854876,19.521056905759934,15.867118701526902,41.43440633540773,36.49075110952861,30.812311291780897,43.33654080799552,42.560632106952625,44.085244100624216,30.60156295686616,16.214895851315752,49.23415346804717,26.40639726475961,24.819381413202386,49.25825264793446,20.84209798558506,49.49717817041841,29.14046220528658,30.436700393218608,25.31197761463144,13.644193213456862,42.660135765420655,38.69388868512855,42.78436644917609,27.64769431359749,48.88275131321112,35.74773042881845,27.89059854983233,16.440705960320198,11.344849613915834,48.3948443487413,21.75476237821552,27.98947267573854,15.409278565677958,30.611625282167285,41.201368018631136,35.78055150282793,19.02465284187159,44.781017049115654,34.57767225388757,48.647200697012565,26.973533828428323,37.759821635094475,41.598467860235274,18.68192617254181,14.799865854642533
11.58957348918256,35.04368120113608,23.909443980434425,41.777332867240645,48.92315122372076,12.698427148518432,23.001244637286085,24.668939865738423,15.789310875897016,34.65114380734157,42.1285866805022,11.590469813748786,16.60135462722351,43.88603380524589,32.31882178289688,26.15463771297126,31.660485208825285,32.8761913442506,47.83891000700431,19.98640425251657,19.999720247630513,41.30420366599791,34.70172619178075,36.00097724987475,15.549265446148613,23.041003622464107,16.292995974584763,45.16934578569173,27.737782777917435,30.669806002088738,43.71042051077334,15.222704858480508,21.67789426507689,40.24017263558527,19.275523555158266,34.32495422294669,37.616903942003596,46.178240652440216,26.86356216204657,46.55194138087619,35.53276766870824,41.89588778442493,29.2482980225155,22.00233911249272,41.41787610593523,41.232633246104925,40.88221840983892,41.99050939193913,43.57763489375192,35.53094291866728,27.076980891227706,26.210047947629306,34.46523706116143,34.076506662911605,33.50844964325639,12.06014761451701,11.172966698613799,18.334283145934084,39.11607427410931,18.237798772754147,33.54349032697715,24.553578593931242,20.82909279424515,21.955712249747773,25.102584625344512,32.84271567795305,39.1467797506875,43.144082999329704,46.6006979299424,44.394099601472284,34.9599549233161,31.30859959458334,40.11479502731564,26.898169172682422,32.16815859955585,30.31520801768863,20.91928135970409,40.0703958622028,49.85333396160889
34.78854564984406,41.195110734373316,42.31449263803073,27.666935198262745,10.605143482516732,25.65132496340988,46.976420708799566,17.320067183192673,32.58310705287373,20.408363600932663,28.9286520170402,31.773041705339445,46.91788527271063,20.325835999332153,34.32327856896642,35.17623964889812,33.98138387292623,21.780708289061756,22.09456510463127,12.633518767627741,34.513561751119454,10.967655068540179,19.941333675218324,46.631266659248986,48.04357478988026,30.937447409538223,49.336897570324844,29.343068797714054,14.122831221049434,23.318037233416135,49.9836798147476,27.178821597949483,37.91645808764646,49.73547183343417,48.77400295136348,21.386715833987004,37.112840407516,35.9556174823664,33.726736387025596,17.918836041086934,17.984740112543612,28.976870031020958,22.818788903573154,30.61647034954689,45.04988188340069,29.52868963854208,36.57957767337808,11.544950779888676,34.19269843770646,39.59258420444003,18.431873024596474,32.41460992799857,48.217175812589815,46.592182201189786,41.576188643891896,15.205714207051773,43.39116857996402,31.184701089419015,46.07502646055782,19.99897411855475,12.7419035251713,27.018543584917563,41.32158120200042,31.104056112464566,14.403563931485714,36.98629006141394,20.157242875381467,49.817340834533645,46.047625567944884,36.1786867888045,34.97023224720995,18.35995680278332,43.23176906026733,16.052975238760308,23.823341934651438,38.47830580236855,24.51420571128987,35.8378714048072,17.561456226671915
15.99284667149469,45.37726670214774,39.52558570611433,27.482928270034105,42.39779924062717,47.803245389028106,32.708230032828304,12.33642316639533,45.00230426198544,30.537879220019008,41.88834524481364,27.004717309469118,39.64384063190401,34.45391165326335,10.590555374439381,10.716948653175248,39.33835907813801,47.55368877930198,18.280913838845137,23.512768808354735,46.08668929006586,15.394595702873923,46.304980279893805,40.91435372078601,48.36291539546356,32.00073336019091,42.208613459783834,21.874799580004055,11.957475144800638,14.835753915200565,39.85329288395768,13.670465784892176,29.644767032966076,49.48677081983342,49.64053084849455,30.151628368748877,21.209799861540205,32.78527886993737,26.40727758093262,48.00520606677216,49.63014961053365,46.26788815644505,42.30093607290958,46.4626726766335,17.177281722425942,12.571569352412034,11.238686588957254,37.109994612977864,30.569427438263368,18.0504159446005,25.94448023632351,38.5690003354824,41.80104025882724,27.169234309617984,49.80389559424896,42.8930844075408,48.36194811213353,21.16396239484576,28.790295520089344,39.51978079987377,32.518958138081416,42.909396362257326,19.772617757503262,24.233856332032254,30.311130597527875,27.514082045229955,13.049372991293474,17.28138362910419,46.49300158903482,21.960747284261615,14.077156060023341,12.966933873224864,44.01498188289507,32.099944579903706,48.05391895524383,29.577450435406657,13.349522245904947,42.39520538876497,23.60883618713668
23.55600949205172,41.60294714920954,35.333483007289054,31.373210973416953,38.78114043177012,46.3936389480576,46.607659447849116,44.57542863624668,13.624201047885837,32.89165184798964,20.496043362003707,30.958537054702305,25.091282252521644,29.315723212480684,44.24828188260416,14.00109078884995,42.495131802058765,10.264300016382224,43.311236577143085,26.608389648480713,47.853417851416765,13.12742862564928,18.10146609727322,12.110570661278635,49.845571650618545,47.47620800967777,13.193024102654181,37.357786506865025,12.808445548795145,28.5724534273375,36.7392780658674,30.703693924104243,17.94862564779956,27.464230444809843,33.65675496742085,24.78728357464056,13.31248330091848,49.166522377206306,23.982912347564156,39.77481029310937,10.033066235448285,28.88256955442559,34.28312764220969,34.55508030773028,33.42114265734844,33.340522219450335,19.324333005545537,18.631515244332945,48.62096286780837,48.09705317718431,48.157920304670284,29.71979232790869,32.61765998864076,22.2541278824228,27.367719607670125,18.4603859824996,32.285193528375565,16.715780492983313,15.587607557187697,32.340757204608224,17.78145038011699,23.45201195633907,41.75673932827996,15.811537855285675,42.83583659256262,13.553121674122437,18.41873633988742,41.4149521587723,16.88460833596155,40.86475813284164,20.48975823693009,19.805212330315932,35.649691719516156,33.20155374409989,17.76781042143621,30.242289828446786,32.03887054817222,28.151092611833572,35.12487396538883
39.898160334987324,39.14424855439967,16.872406649064175,43.167929995489295,36.396856741602704,47.17957801753544,10.406141088596925,25.78680177102793,19.701553039266052,23.06636961232614,27.935182859539797,13.027076470192851,45.58137784301477,11.138345728385634,20.734828873133605,44.28260653173142,36.92538504800064,44.779342262483375,17.463910556446884,47.02107719412586,38.609735332168285,40.40021604081835,34.379173997101574,41.57756247671081,34.067667935249766,18.002292046346664,25.597408379217498,13.564185302184155,21.900025449361117,42.89138673039869,14.46926913192408,19.74851626244159,10.543563012627448,21.23201136936177,22.032869134682006,21.139897212306266,16.09067619085076,30.198758354420384,42.71296922527084,12.513731727348496,49.344028804702454,12.554474432631899,42.116133210011796,43.61383392251313,34.40609284376002,40.96435083600535,34.126004735177425,34.47043725662956,32.49708556745696,14.945934935836345,19.51494884649019,31.10964608797147,10.104817332777877,47.5756263716537,43.808244241401326,40.359862938002706,29.184951525738832,10.64564663743376,23.32484585327674,39.908843198052246,13.47068080995578,23.30945602983503,44.347407893274564,14.787456630542248,46.85900349257456,25.744511380363264,47.76246916962576,22.41826174253984,30.165569000527064,25.489411561154924,26.02144216911002,25.81389621150221,15.885009857915765,37.196811743718925,48.08963865663745,35.34156764715145,48.45367529350013,47.59660641894492,47.63210029346801
22.453447988266326,25.924484941786115,11.732978853479068,44.506951855569504,43.49329732468375,37.03611148762487,41.972764331395375,16.048616065476903,14.410181447495592,28.125739746337324,39.173997784779296,43.76013345533893,40.10105182191951,35.93491792048596,39.69423926678783,30.01929845647436,46.043655431541815,28.435673344788288,16.008258524516755,24.09867556787546,35.22876530341023,36.75976086074422,31.58021750069939,42.61574167093386,22.010306602605905,36.39369246696003,44.33299947683472,31.220532303988048,12.144741834074594,24.354912074677195,29.74855943519346,10.591804422876407,31.94163387806872,38.966065569306835,36.18042016437295,26.431395154063075,44.57046664922006,41.41963921578764,31.592821735185964,46.05888059573627,26.637893806392647,10.319000055547471,43.23471493165083,26.489477263657438,24.357614313130284,17.8534128135416,27.44975668118995,41.31298385598011,44.8203628019379,15.072733360930801,30.982011921892223,29.624788026006236,31.82481026191159,49.46361997049917,20.219121168129547,25.92773224310456,24.30342003588935,38.091555079030215,12.511119068296663,49.53035409787758,47.9717824591052,19.281804037961283,17.66969575240822,27.592348986869926,15.350173388670353,47.106758830096155,30.508848223919124,45.964315504358346,41.344541716748715,46.6069919710245,46.73895795521967,37.22255967343936,37.32588210193201,13.435805660742496,23.02706450973483,31.1988407945128,24.332416921734954,39.994124916637944,32.8561184126895
49.201068371086485,38.10345558456653,15.920551872823197,30.537039840532827,12.212426539171378,37.44840951000039,21.117423568632958,41.84935885872875,35.145788117153856,43.14193530448105,43.57131471380214,15.78481489396864,12.288441086856476,25.791156285181465,48.7003372257247,18.816018701818884,40.23135781054481,39.61621441728345,15.09488754465635,11.484260330318099,48.78272665633333,37.41563390136192,44.143785860103975,31.952324363425802,34.91486107007476,36.03433867477619,38.786951702494555,43.98031485180874,14.531626042445605,42.34224323909242,22.06312847630762,42.76752464561995,11.595252269871459,32.955812765365934,14.759956883273585,39.42262293172329,45.87553836303851,13.257771579248839,38.0073519730919,14.818371734208844,22.563312891723996,40.389619602093475,37.57748311153556,23.613241939520172,46.582768244752415,48.84170556209415,32.3367101571009,49.08245105635126,33.15938124996379,48.57677093328633,48.445847149594606,25.202441282653247,43.873705657189895,37.53633769647912,12.048305466316048,27.90405105096838,10.362507397429903,29.99941564886893,36.0559637376316,26.227111623578896,47.411533244759994,16.07851472223487,33.340583651287886,20.692776684886102,29.694283226193946,25.79050049350378,19.4427871560606,42.38442541446413,42.0617242194978,37.98532484756944,10.961057049754581,45.47384470335126,23.07098392078072,25.73782430659549,26.967079974070405,21.34631988230275,45.394532127425364,35.586152247053505,47.2847517089519
14.043904276971876,47.12143604733315,31.74467175137672,16.549422727366718,20.386880879009436,11.07307352558491,27.669733191812618,35.031129548621,27.56016476398182,14.885551947108322,12.619966894790373,29.594080401620644,38.987404902700305,43.759807799981026,47.95301942184979,48.239314325762855,11.604948083887251,26.75161402034503,31.268060701147537,41.202241349834985,34.259432368964156,32.278869388347346,33.41508285345945,21.31636191153992,17.3848390593751,22.118728425025086,19.606221029822915,26.619874338131307,27.52152898776085,38.62481845922645,18.098804487163616,39.710176678427786,31.588148918911866,28.692579624419214,38.24059492082194,30.265886530363517,21.21178208609701,40.59022719775335,31.4327087290089,16.960057622960043,34.21355279885975,11.553526140034993,10.16154934656344,44.79912367385072,42.49121042472299,37.29543963827025,28.421340637640817,34.40768401237884,28.0002524713342,41.059520374921405,35.76442813365916,37.90540597260133,47.57616242863978,11.071324475930622,43.84756035672366,12.473674715108825,32.02034054989972,28.336419900865994,37.49608727597871,48.91860623348059,25.01335203298849,45.07840660922752,10.184505339657637,36.01051242160712,34.26664295971321,48.75889222812575,42.797989204788685,29.51815448700275,17.218641989394538,34.701408069308826,20.020135657434793,17.42337810990222,23.446865683999576,24.63376087949416,36.88968451215341,40.04953619215448,16.921454611983584,16.103103331936516,45.05210432796736
30.66876204873965,47.64013291276748,46.755935119320156,39.41296042788265,46.68926937748028,24.79323735330505,49.981454050876984,34.650797115667146,19.66942176636813,25.697788193147694,21.098332117435433,20.25939153335335,37.43725348797332,15.214305619361511,26.627488323684013,39.276960011314586,33.93614693055138,15.538546872513654,34.81415764117672,18.57174977672596,26.82410252772765,11.46124100433584,38.55838286057162,21.259594642470386,29.194029378282245,23.054911524230764,42.88501850701387,21.250251018077158,24.672395373475595,34.883119005505236,13.0235051964664,38.01817776786936,20.23417192436662,22.145866840931618,21.823388419321496,19.491923461777763,26.95529156280771,36.528870531794254,36.671403566840766,13.631593037542228,39.558789071230834,31.145079553564408,34.27271748040451,12.104309645897118,31.789285561172257,16.924743549875103,15.246704333344297,21.319707374312213,32.20636761520712,11.528044773797866,43.81244121315736,35.8348256901308,23.040247563150334,17.21516113819401,10.81886989441298,22.466622584826478,23.50364910732019,49.187420359596416,27.165443636641204,14.85681810282764,35.618184946739845,15.143156394144398,19.358068717291435,34.358086795843,32.64312914408585,48.19118850436905,13.212690677923234,46.776041402352085,46.97061575537132,21.76947781492553,27.511238665878487,29.938170025543922,24.133676031219093,38.901742042246426,29.163435291639566,10.22558538094505,24.45700844861133,30.245582811913994,29.671051441299646
20.484807013545783,43.155399222903824,14.595868237700188,33.68124802806398,39.83632709314884,33.8530331519614,21.199800326318407,15.753400661987435,48.49252561279211,48.07409654118989,28.228820795393496,17.736939272734308,48.812253458928296,39.78885994673463,19.14067441391642,37.34028937883974,24.22979760747566,12.728932660317547,37.03021019771662,17.736269442119173,32.08713853421606,13.860737030553407,38.30056700220244,41.936687793289785,28.474607265864968,49.952144067103596,27.593019531120618,49.09654749463926,14.152148696398292,14.315089298344423,38.51517523894228,43.657397935183496,42.298611286410114,23.74174541064427,33.88761940499768,11.19025630973102,12.365712084821352,43.94470760918426,44.24061716079319,36.476850439688434,42.72745546559797,38.43673447649253,25.638789796801824,25.276489032188934,46.662885727764795,34.850788123415114,32.026397140853504,40.96305988692983,47.54015071970222,23.009766942362994,20.165341022812008,23.28586549022703,31.785524946463333,28.0156438093151,21.244945427636473,36.78948522283043,42.657437497343565,18.38936676441771,37.42432129937481,49.93573972409801,17.075879261572922,24.253785076122764,33.25195843781537,39.107413777470875,16.525628760738698,38.03323989332071,14.259426618246902,11.514710550819887,24.105717287839283,10.125720344065918,13.893287732947979,23.860193185894573,15.491111125776511,14.35293359345215,38.27885189132343,13.99794439939698,31.82163970773368,48.65600822715223,27.989410520942933
20.260826057866133,49.539893275075336,22.126901416692206,17.05687252299399,48.615850396393874,44.42153247659966,44.535103093608036,15.51828659248887,19.61076323356357,12.73556076409501,13.908131204855,31.104852801436902,45.27480107207119,15.360810073604876,13.643253345735143,11.910396070061498,42.085834231994,23.048371446755937,25.31767469997851,39.008156652856506,20.427799764301096,13.211491906655164,19.207503541815814,19.339461108616028,16.95228367915356,29.74250441381647,44.91690583139185,21.792236140404352,29.950536524695526,38.15186889743236,42.308421050806345,12.229312430837997,42.40712271313549,34.95533158042105,17.76823460488995,31.94189326095679,10.003427957608938,36.635175550658694,24.82013881770037,39.89884298156136,27.726856722342845,22.58536339274857,33.28478466933832,31.995758684361558,35.42362417494018,11.46753955231739,19.442903657255158,48.99984531198652,24.58400314871811,15.26785669487559,43.67968156207684,20.667115485020506,48.13264284380023,21.53990429244474,27.842642679699207,42.53171816811435,33.23617182664792,26.015542660033514,28.90970711615694,23.216031017781347,30.417357351843766,46.37392160563403,24.916430044449598,12.982596969282909,13.460302737519507,37.64022960071213,25.31326222339827,44.07562759225368,19.59025908600331,46.058962607513756,29.353774833146407,47.716805175524456,12.430268563238718,39.36421922944371,19.43184776248342,48.379070411259725,28.88062064118248,13.196515872835777,38.42840668852145
31.120480459283097,41.733177955246475,32.22135095190261,38.01643207785018,29.53022970390922,38.30735455459964,39.54600331481484,43.592936742511455,25.99180076292033,45.79886757069427,31.514684871462304,17.429240888655816,44.7198173525377,36.15592897279724,41.10029427157809,39.266165947179154,30.979027095306847,40.85439616798163,31.424778254084917,18.25570926490976,37.50327488606616,39.99728864821994,39.67034583835221,25.486756874870757,19.353631933179045,12.877834941667153,32.90264855787076,14.083615699427131,23.0856554284189,23.650177902203865,36.98661691078088,43.49521648565571,24.440782905976803,32.897244965264505,28.444483088223457,16.6723379787085,27.330253798859488,35.6237240199212,37.36740157989021,34.97960223812133,37.83938758576906,35.615199607633585,43.82078127418856,10.972582124943063,14.810434706700612,28.362015702561003,32.96453129132924,13.039127302146895,42.55064871610519,16.297930025219756,32.48705528696383,38.992144201961096,18.06059540176343,15.700782589845947,44.37950450325501,12.89689897754377,36.77328440696584,17.09530078668037,14.43116258301644,20.69483639727554,22.152725269478452,18.65951151783124,40.67723457225556,19.844205326082086,13.085792216071468,33.52101467822032,30.29120528315385,38.098364515016605,30.76422715571462,39.90165235491816,29.390348842439515,14.62446913095684,34.08977858310671,42.05064729695471,25.410198237115857,36.24677000660559,41.151826236624636,47.06477261022529,38.75855566145645
45.54847599421568,17.37304387762141,21.54397497899675,42.34296767855316,31.108855389986367,38.38419510823839,48.67879237552906,19.99687212979274,15.881278082580952,25.56150536358694,43.43037218408418,10.504584741011254,20.267723262399095,14.461246998370235,39.65059429858421,11.969443137911178,32.74365929277815,36.74377304508556,16.535402377696016,45.51695366203265,16.627956350804894,11.177935108987542,24.926677477615527,17.096261625378002,31.336887880888966,30.81286145817327,31.144848158755202,12.407100244586537,22.05109473606378,25.69328649416288,42.574597780509734,30.609866374992052,27.254649277926454,24.72044297505059,47.41092014941129,13.430675823690637,37.5084962834917,16.08192068811907,45.86550590317313,28.422974246128653,30.822201885828967,20.244954056561042,15.6636214433431,42.67915373753852,24.408580921246973,19.015206623333523,35.026166071643345,27.94971890562788,31.549170893385202,34.487700093119074,26.04396457289959,47.62665689926805,17.36751865030471,39.32293614692071,44.93057392819187,20.755889433433005,22.834479208552587,29.512715499688316,39.92351527976601,31.55396399585568,38.859566257093746,30.818850022710667,35.93435546930242,36.490707467003546,19.19885645952209,12.425063681058122,41.077991807041535,39.92762556120055,20.915723272527117,37.39194967326924,18.98783173085694,16.24150965519478,34.74795366959013,34.467702061049266,18.260419598582768,18.977375997439378,39.27772227860431,37.30110772078649,18.183765833122287
